Yemen Mokha Sanani 11.4%,1959.704,Guatemala Antigua Hunapu Ciudad Vieja 7.8%,3878.912,Rwanda Rulindo Tumba 9.7%,1626.526
Yemen Mokha Sanani 11.4%,1963.29,Guatemala Antigua Hunapu Ciudad Vieja 7.8%,3825.612,Rwanda Rulindo Tumba 9.7%,1546.614
Yemen Mokha Sanani 11.4%,1951.222,Guatemala Antigua Hunapu Ciudad Vieja 7.8%,3884.636,Rwanda Rulindo Tumba 9.7%,1544.508
Yemen Mokha Sanani 11.4%,1956.824,Guatemala Antigua Hunapu Ciudad Vieja 7.8%,3916.352,Rwanda Rulindo Tumba 9.7%,1529.842
Yemen Mokha Sanani 11.4%,1929.432,Guatemala Antigua Hunapu Ciudad Vieja 7.8%,3986.956,Rwanda Rulindo Tumba 9.7%,1567.092
Yemen Mokha Sanani 11.4%,1956.194,Guatemala Antigua Hunapu Ciudad Vieja 7.8%,3685.848,Rwanda Rulindo Tumba 9.7%,1506.588
Yemen Mokha Sanani 11.4%,1924.31,Guatemala Antigua Hunapu Ciudad Vieja 7.8%,3875.344,Rwanda Rulindo Tumba 9.7%,1534.282
Yemen Mokha Sanani 11.4%,1988.722,Guatemala Antigua Hunapu Ciudad Vieja 7.8%,3823.356,Rwanda Rulindo Tumba 9.7%,1538.474
Yemen Mokha Sanani 11.4%,1977.402,Guatemala Antigua Hunapu Ciudad Vieja 7.8%,3734.18,Rwanda Rulindo Tumba 9.7%,1501.66
Yemen Mokha Sanani 11.4%,1986.712,Guatemala Antigua Hunapu Ciudad Vieja 7.8%,3820.8,Rwanda Rulindo Tumba 9.7%,1533.412
Yemen Mokha Sanani 11.4%,1651.716,Guatemala Antigua Hunapu Ciudad Vieja 7.8%,2199.142,Rwanda Rulindo Tumba 9.7%,1447.4
Yemen Mokha Sanani 11.4%,2087.94,Guatemala Antigua Hunapu Ciudad Vieja 7.8%,2000.598,Rwanda Rulindo Tumba 9.7%,1417.814
Yemen Mokha Sanani 11.4%,2213.566,Guatemala Antigua Hunapu Ciudad Vieja 7.8%,2113.76,Rwanda Rulindo Tumba 9.7%,1161.76
Yemen Mokha Sanani 11.4%,2391.906,Guatemala Antigua Hunapu Ciudad Vieja 7.8%,2096.584,Rwanda Rulindo Tumba 9.7%,1441.36
Yemen Mokha Sanani 11.4%,2230.348,Guatemala Antigua Hunapu Ciudad Vieja 7.8%,2112.534,Rwanda Rulindo Tumba 9.7%,1378.396
Yemen Mokha Sanani 11.4%,2252.298,Guatemala Antigua Hunapu Ciudad Vieja 7.8%,2082.096,Rwanda Rulindo Tumba 9.7%,1391.48
Yemen Mokha Sanani 11.4%,2277.622,Guatemala Antigua Hunapu Ciudad Vieja 7.8%,2023.952,Rwanda Rulindo Tumba 9.7%,1393.926
Yemen Mokha Sanani 11.4%,2325.614,Guatemala Antigua Hunapu Ciudad Vieja 7.8%,2054.91,Rwanda Rulindo Tumba 9.7%,1323.032
Yemen Mokha Sanani 11.4%,2394.546,Guatemala Antigua Hunapu Ciudad Vieja 7.8%,2114.806,Rwanda Rulindo Tumba 9.7%,1396.08
Yemen Mokha Sanani 11.4%,2320.466,Guatemala Antigua Hunapu Ciudad Vieja 7.8%,2081.026,Rwanda Rulindo Tumba 9.7%,1390.602
Yemen Mokha Sanani 11.4%,2216.492,Guatemala Antigua Hunapu Ciudad Vieja 7.8%,1414.076,Rwanda Rulindo Tumba 9.7%,1541.938
Yemen Mokha Sanani 11.4%,2187.72,Guatemala Antigua Hunapu Ciudad Vieja 7.8%,1323.938,Rwanda Rulindo Tumba 9.7%,1541.334
Yemen Mokha Sanani 11.4%,2195.726,Guatemala Antigua Hunapu Ciudad Vieja 7.8%,1376.36,Rwanda Rulindo Tumba 9.7%,1502.932
Yemen Mokha Sanani 11.4%,2224.55,Guatemala Antigua Hunapu Ciudad Vieja 7.8%,1284.57,Rwanda Rulindo Tumba 9.7%,1490.498
Yemen Mokha Sanani 11.4%,2163.476,Guatemala Antigua Hunapu Ciudad Vieja 7.8%,1428.074,Rwanda Rulindo Tumba 9.7%,1474.226
Yemen Mokha Sanani 11.4%,2139.214,Guatemala Antigua Hunapu Ciudad Vieja 7.8%,1291.832,Rwanda Rulindo Tumba 9.7%,1447.74
Yemen Mokha Sanani 11.4%,2194.434,Guatemala Antigua Hunapu Ciudad Vieja 7.8%,1347.334,Rwanda Rulindo Tumba 9.7%,1468.192
Yemen Mokha Sanani 11.4%,2114.646,Guatemala Antigua Hunapu Ciudad Vieja 7.8%,1419.73,Rwanda Rulindo Tumba 9.7%,1422.992
Yemen Mokha Sanani 11.4%,2159.238,Guatemala Antigua Hunapu Ciudad Vieja 7.8%,1333.14,Rwanda Rulindo Tumba 9.7%,1432.62
Yemen Mokha Sanani 11.4%,2195.864,Guatemala Antigua Hunapu Ciudad Vieja 7.8%,1478.964,Rwanda Rulindo Tumba 9.7%,1455.454
Yemen Mokha Sanani 11.4%,1845.498,Guatemala Antigua Hunapu Ciudad Vieja 7.8%,3126.538,Rwanda Rulindo Tumba 9.7%,412.284
Yemen Mokha Sanani 11.4%,1833.188,Guatemala Antigua Hunapu Ciudad Vieja 7.8%,3089.748,Rwanda Rulindo Tumba 9.7%,425.83
Yemen Mokha Sanani 11.4%,1825.178,Guatemala Antigua Hunapu Ciudad Vieja 7.8%,3142.626,Rwanda Rulindo Tumba 9.7%,445.742
Yemen Mokha Sanani 11.4%,1836.946,Guatemala Antigua Hunapu Ciudad Vieja 7.8%,3074.77,Rwanda Rulindo Tumba 9.7%,431.106
Yemen Mokha Sanani 11.4%,1806.006,Guatemala Antigua Hunapu Ciudad Vieja 7.8%,3080.364,Rwanda Rulindo Tumba 9.7%,409.04
Yemen Mokha Sanani 11.4%,1820.09,Guatemala Antigua Hunapu Ciudad Vieja 7.8%,3050.388,Rwanda Rulindo Tumba 9.7%,460.018
Yemen Mokha Sanani 11.4%,1808.638,Guatemala Antigua Hunapu Ciudad Vieja 7.8%,3041.896,Rwanda Rulindo Tumba 9.7%,448.846
Yemen Mokha Sanani 11.4%,1822.074,Guatemala Antigua Hunapu Ciudad Vieja 7.8%,3083.908,Rwanda Rulindo Tumba 9.7%,430.16
Yemen Mokha Sanani 11.4%,1809.348,Guatemala Antigua Hunapu Ciudad Vieja 7.8%,3080.15,Rwanda Rulindo Tumba 9.7%,410.454
Yemen Mokha Sanani 11.4%,1811.376,Guatemala Antigua Hunapu Ciudad Vieja 7.8%,3104.044,Rwanda Rulindo Tumba 9.7%,417.672
Yemen Mokha Sanani 11.4%,1433.624,Guatemala Antigua Hunapu Ciudad Vieja 7.8%,4355.782,Rwanda Rulindo Tumba 9.7%,2515.634
Yemen Mokha Sanani 11.4%,1467.996,Guatemala Antigua Hunapu Ciudad Vieja 7.8%,4260.736,Rwanda Rulindo Tumba 9.7%,2447.902
Yemen Mokha Sanani 11.4%,1417.946,Guatemala Antigua Hunapu Ciudad Vieja 7.8%,4264.164,Rwanda Rulindo Tumba 9.7%,2401.436
Yemen Mokha Sanani 11.4%,1416.508,Guatemala Antigua Hunapu Ciudad Vieja 7.8%,4273.836,Rwanda Rulindo Tumba 9.7%,2432.68
Yemen Mokha Sanani 11.4%,1404.306,Guatemala Antigua Hunapu Ciudad Vieja 7.8%,4224.478,Rwanda Rulindo Tumba 9.7%,2431.12
Yemen Mokha Sanani 11.4%,1430.184,Guatemala Antigua Hunapu Ciudad Vieja 7.8%,4208.812,Rwanda Rulindo Tumba 9.7%,2422.042
Yemen Mokha Sanani 11.4%,1448.754,Guatemala Antigua Hunapu Ciudad Vieja 7.8%,4216.34,Rwanda Rulindo Tumba 9.7%,2444.274
Yemen Mokha Sanani 11.4%,1417.198,Guatemala Antigua Hunapu Ciudad Vieja 7.8%,4218.354,Rwanda Rulindo Tumba 9.7%,2422.046
Yemen Mokha Sanani 11.4%,1448.858,Guatemala Antigua Hunapu Ciudad Vieja 7.8%,4194.232,Rwanda Rulindo Tumba 9.7%,2434.844
Yemen Mokha Sanani 11.4%,1453.648,Guatemala Antigua Hunapu Ciudad Vieja 7.8%,4210.746,Rwanda Rulindo Tumba 9.7%,2479.638
Yemen Mokha Sanani 11.4%,2780.846,Guatemala Antigua Hunapu Ciudad Vieja 7.8%,465.524,Rwanda Rulindo Tumba 9.7%,2899.77
Yemen Mokha Sanani 11.4%,2783.03,Guatemala Antigua Hunapu Ciudad Vieja 7.8%,648.52,Rwanda Rulindo Tumba 9.7%,2841.862
Yemen Mokha Sanani 11.4%,2787.422,Guatemala Antigua Hunapu Ciudad Vieja 7.8%,598.858,Rwanda Rulindo Tumba 9.7%,2880.016
Yemen Mokha Sanani 11.4%,2803.57,Guatemala Antigua Hunapu Ciudad Vieja 7.8%,542.518,Rwanda Rulindo Tumba 9.7%,2865.062
Yemen Mokha Sanani 11.4%,2793.138,Guatemala Antigua Hunapu Ciudad Vieja 7.8%,475.728,Rwanda Rulindo Tumba 9.7%,2856.334
Yemen Mokha Sanani 11.4%,2761.23,Guatemala Antigua Hunapu Ciudad Vieja 7.8%,525.5,Rwanda Rulindo Tumba 9.7%,2857.374
Yemen Mokha Sanani 11.4%,2818.5,Guatemala Antigua Hunapu Ciudad Vieja 7.8%,469.934,Rwanda Rulindo Tumba 9.7%,2880.16
Yemen Mokha Sanani 11.4%,2765.186,Guatemala Antigua Hunapu Ciudad Vieja 7.8%,662.416,Rwanda Rulindo Tumba 9.7%,2821.99
Yemen Mokha Sanani 11.4%,2766.992,Guatemala Antigua Hunapu Ciudad Vieja 7.8%,742.604,Rwanda Rulindo Tumba 9.7%,2830.628
Yemen Mokha Sanani 11.4%,2764.74,Guatemala Antigua Hunapu Ciudad Vieja 7.8%,424.366,Rwanda Rulindo Tumba 9.7%,2901.288
Yemen Mokha Sanani 11.4%,658.856,Guatemala Antigua Hunapu Ciudad Vieja 7.8%,1218.134,Rwanda Rulindo Tumba 9.7%,1773.74
Yemen Mokha Sanani 11.4%,646.608,Guatemala Antigua Hunapu Ciudad Vieja 7.8%,1184.65,Rwanda Rulindo Tumba 9.7%,1758.83
Yemen Mokha Sanani 11.4%,679.248,Guatemala Antigua Hunapu Ciudad Vieja 7.8%,1204.124,Rwanda Rulindo Tumba 9.7%,1769.952
Yemen Mokha Sanani 11.4%,628.43,Guatemala Antigua Hunapu Ciudad Vieja 7.8%,1238.82,Rwanda Rulindo Tumba 9.7%,1751.692
Yemen Mokha Sanani 11.4%,681.426,Guatemala Antigua Hunapu Ciudad Vieja 7.8%,1254.156,Rwanda Rulindo Tumba 9.7%,1756.876
Yemen Mokha Sanani 11.4%,712.158,Guatemala Antigua Hunapu Ciudad Vieja 7.8%,1216.74,Rwanda Rulindo Tumba 9.7%,1741.868
Yemen Mokha Sanani 11.4%,659.66,Guatemala Antigua Hunapu Ciudad Vieja 7.8%,1284.976,Rwanda Rulindo Tumba 9.7%,1761.054
Yemen Mokha Sanani 11.4%,659.968,Guatemala Antigua Hunapu Ciudad Vieja 7.8%,1229.196,Rwanda Rulindo Tumba 9.7%,1758.856
Yemen Mokha Sanani 11.4%,709.118,Guatemala Antigua Hunapu Ciudad Vieja 7.8%,1246.694,Rwanda Rulindo Tumba 9.7%,1755.598
Yemen Mokha Sanani 11.4%,680.306,Guatemala Antigua Hunapu Ciudad Vieja 7.8%,1274.608,Rwanda Rulindo Tumba 9.7%,1761.98
Yemen Mokha Sanani 11.4%,2383.684,Guatemala Antigua Hunapu Ciudad Vieja 7.8%,2528.332,Rwanda Rulindo Tumba 9.7%,1269.046
Yemen Mokha Sanani 11.4%,2337.818,Guatemala Antigua Hunapu Ciudad Vieja 7.8%,2498.2,Rwanda Rulindo Tumba 9.7%,1249.072
Yemen Mokha Sanani 11.4%,2210.998,Guatemala Antigua Hunapu Ciudad Vieja 7.8%,2491.6,Rwanda Rulindo Tumba 9.7%,1242.996
Yemen Mokha Sanani 11.4%,2293.758,Guatemala Antigua Hunapu Ciudad Vieja 7.8%,2482.434,Rwanda Rulindo Tumba 9.7%,1240.802
Yemen Mokha Sanani 11.4%,2268.112,Guatemala Antigua Hunapu Ciudad Vieja 7.8%,2525.946,Rwanda Rulindo Tumba 9.7%,1241.658
Yemen Mokha Sanani 11.4%,2417.588,Guatemala Antigua Hunapu Ciudad Vieja 7.8%,2447.706,Rwanda Rulindo Tumba 9.7%,1244.646
Yemen Mokha Sanani 11.4%,2409.848,Guatemala Antigua Hunapu Ciudad Vieja 7.8%,2470.624,Rwanda Rulindo Tumba 9.7%,1238.59
Yemen Mokha Sanani 11.4%,2608.996,Guatemala Antigua Hunapu Ciudad Vieja 7.8%,2466.692,Rwanda Rulindo Tumba 9.7%,1233.608
Yemen Mokha Sanani 11.4%,2323.456,Guatemala Antigua Hunapu Ciudad Vieja 7.8%,2497.438,Rwanda Rulindo Tumba 9.7%,1240.316
Yemen Mokha Sanani 11.4%,2205.202,Guatemala Antigua Hunapu Ciudad Vieja 7.8%,2479.276,Rwanda Rulindo Tumba 9.7%,1249.102
Yemen Mokha Sanani 11.4%,1044.696,Guatemala Antigua Hunapu Ciudad Vieja 7.8%,863.028,Rwanda Rulindo Tumba 9.7%,1997.012
Yemen Mokha Sanani 11.4%,1038.262,Guatemala Antigua Hunapu Ciudad Vieja 7.8%,756.934,Rwanda Rulindo Tumba 9.7%,2161.65
Yemen Mokha Sanani 11.4%,1056.674,Guatemala Antigua Hunapu Ciudad Vieja 7.8%,802.342,Rwanda Rulindo Tumba 9.7%,2124.6
Yemen Mokha Sanani 11.4%,1040.372,Guatemala Antigua Hunapu Ciudad Vieja 7.8%,808.266,Rwanda Rulindo Tumba 9.7%,1971.092
Yemen Mokha Sanani 11.4%,1035.886,Guatemala Antigua Hunapu Ciudad Vieja 7.8%,801.764,Rwanda Rulindo Tumba 9.7%,2218.41
Yemen Mokha Sanani 11.4%,1043.222,Guatemala Antigua Hunapu Ciudad Vieja 7.8%,770.978,Rwanda Rulindo Tumba 9.7%,2016.636
Yemen Mokha Sanani 11.4%,1070.686,Guatemala Antigua Hunapu Ciudad Vieja 7.8%,781.624,Rwanda Rulindo Tumba 9.7%,1997.854
Yemen Mokha Sanani 11.4%,1019.196,Guatemala Antigua Hunapu Ciudad Vieja 7.8%,793.66,Rwanda Rulindo Tumba 9.7%,2106.744
Yemen Mokha Sanani 11.4%,1037,Guatemala Antigua Hunapu Ciudad Vieja 7.8%,786.656,Rwanda Rulindo Tumba 9.7%,2138.882
Yemen Mokha Sanani 11.4%,1038.726,Guatemala Antigua Hunapu Ciudad Vieja 7.8%,806.966,Rwanda Rulindo Tumba 9.7%,2119.288
Yemen Mokha Sanani 11.4%,1333.152,Guatemala Antigua Hunapu Ciudad Vieja 7.8%,7100.544,Rwanda Rulindo Tumba 9.7%,650.818
Yemen Mokha Sanani 11.4%,1253.762,Guatemala Antigua Hunapu Ciudad Vieja 7.8%,7030.962,Rwanda Rulindo Tumba 9.7%,674.03
Yemen Mokha Sanani 11.4%,1206.564,Guatemala Antigua Hunapu Ciudad Vieja 7.8%,7076.772,Rwanda Rulindo Tumba 9.7%,654.98
Yemen Mokha Sanani 11.4%,1267.08,Guatemala Antigua Hunapu Ciudad Vieja 7.8%,6983.224,Rwanda Rulindo Tumba 9.7%,654.298
Yemen Mokha Sanani 11.4%,1138.308,Guatemala Antigua Hunapu Ciudad Vieja 7.8%,6994.022,Rwanda Rulindo Tumba 9.7%,649.488
Yemen Mokha Sanani 11.4%,1262.178,Guatemala Antigua Hunapu Ciudad Vieja 7.8%,6896.99,Rwanda Rulindo Tumba 9.7%,646.134
Yemen Mokha Sanani 11.4%,1191.642,Guatemala Antigua Hunapu Ciudad Vieja 7.8%,6816.22,Rwanda Rulindo Tumba 9.7%,683.38
Yemen Mokha Sanani 11.4%,1246.506,Guatemala Antigua Hunapu Ciudad Vieja 7.8%,6876.418,Rwanda Rulindo Tumba 9.7%,645.728
Yemen Mokha Sanani 11.4%,1310.55,Guatemala Antigua Hunapu Ciudad Vieja 7.8%,6663.664,Rwanda Rulindo Tumba 9.7%,683.826
Yemen Mokha Sanani 11.4%,1230.078,Guatemala Antigua Hunapu Ciudad Vieja 7.8%,6751.998,Rwanda Rulindo Tumba 9.7%,650.278
Yemen Mokha Sanani 11.4%,442.924,Guatemala Antigua Hunapu Ciudad Vieja 7.8%,1159.716,Rwanda Rulindo Tumba 9.7%,1704.578
Yemen Mokha Sanani 11.4%,440.644,Guatemala Antigua Hunapu Ciudad Vieja 7.8%,1135.034,Rwanda Rulindo Tumba 9.7%,1586.792
Yemen Mokha Sanani 11.4%,453.118,Guatemala Antigua Hunapu Ciudad Vieja 7.8%,1123.262,Rwanda Rulindo Tumba 9.7%,1667.332
Yemen Mokha Sanani 11.4%,460.496,Guatemala Antigua Hunapu Ciudad Vieja 7.8%,1149.714,Rwanda Rulindo Tumba 9.7%,1670.742
Yemen Mokha Sanani 11.4%,471.264,Guatemala Antigua Hunapu Ciudad Vieja 7.8%,1122.756,Rwanda Rulindo Tumba 9.7%,1667.156
Yemen Mokha Sanani 11.4%,485.794,Guatemala Antigua Hunapu Ciudad Vieja 7.8%,1138.028,Rwanda Rulindo Tumba 9.7%,1594.674
Yemen Mokha Sanani 11.4%,453.71,Guatemala Antigua Hunapu Ciudad Vieja 7.8%,1141.972,Rwanda Rulindo Tumba 9.7%,1616.786
Yemen Mokha Sanani 11.4%,395.936,Guatemala Antigua Hunapu Ciudad Vieja 7.8%,1131.576,Rwanda Rulindo Tumba 9.7%,1534.384
Yemen Mokha Sanani 11.4%,481.818,Guatemala Antigua Hunapu Ciudad Vieja 7.8%,1121.5,Rwanda Rulindo Tumba 9.7%,1540.208
Yemen Mokha Sanani 11.4%,476.98,Guatemala Antigua Hunapu Ciudad Vieja 7.8%,1146.454,Rwanda Rulindo Tumba 9.7%,1652.59
Yemen Mokha Sanani 11.4%,1685.36,Guatemala Antigua Hunapu Ciudad Vieja 7.8%,3223.004,Rwanda Rulindo Tumba 9.7%,3700.344
Yemen Mokha Sanani 11.4%,1724.076,Guatemala Antigua Hunapu Ciudad Vieja 7.8%,3162.294,Rwanda Rulindo Tumba 9.7%,3581.748
Yemen Mokha Sanani 11.4%,1660.068,Guatemala Antigua Hunapu Ciudad Vieja 7.8%,3091.43,Rwanda Rulindo Tumba 9.7%,3641.394
Yemen Mokha Sanani 11.4%,1682.632,Guatemala Antigua Hunapu Ciudad Vieja 7.8%,3087.48,Rwanda Rulindo Tumba 9.7%,3729.38
Yemen Mokha Sanani 11.4%,1692.132,Guatemala Antigua Hunapu Ciudad Vieja 7.8%,3090.852,Rwanda Rulindo Tumba 9.7%,3442.302
Yemen Mokha Sanani 11.4%,1705.234,Guatemala Antigua Hunapu Ciudad Vieja 7.8%,3078.518,Rwanda Rulindo Tumba 9.7%,3529.254
Yemen Mokha Sanani 11.4%,1668.572,Guatemala Antigua Hunapu Ciudad Vieja 7.8%,3122.412,Rwanda Rulindo Tumba 9.7%,3885.3
Yemen Mokha Sanani 11.4%,1695.964,Guatemala Antigua Hunapu Ciudad Vieja 7.8%,3119.834,Rwanda Rulindo Tumba 9.7%,3710.938
Yemen Mokha Sanani 11.4%,1703.964,Guatemala Antigua Hunapu Ciudad Vieja 7.8%,3077.896,Rwanda Rulindo Tumba 9.7%,3644.932
Yemen Mokha Sanani 11.4%,1674.09,Guatemala Antigua Hunapu Ciudad Vieja 7.8%,3082.01,Rwanda Rulindo Tumba 9.7%,3704.746